100;light
101;light
102;light
103;boieng
104;light
105;light
106;light
107;light
108;light
109;light
110;light
111;light
112;light
113;boieng
114;light
115;light
116;light
117;light
118;boieng
119;light
120;light
121;light
122;boieng
123;light
124;boieng
125;light
126;light
127;light
128;light
129;light
130;light
131;boieng
132;light
133;light
134;boieng
135;light
136;light
137;light
138;light
139;light
140;light
141;light
142;light
143;light
144;light
145;light
146;light
147;light
148;boieng
149;light
